H,april,sept,total,vs_a,time
4,23.255,40.4706,63.7256,71.29560000000001,11.99853515625
8,10.1963,29.9384,40.1347,47.7047,16.0425443649292
16,-1.4463,18.9215,17.4752,25.0452,18.161613702774048
24,-7.0667,13.4041,6.3374,13.907399999999999,19.626187086105347
48,-18.9477,2.2477,-16.7,-9.129999999999999,25.978347778320312
96,-19.57,0.7945,-18.7755,-11.2055,43.53171491622925
